Title,Price,Location,Link
"Opel Astra, 2010 il",10 200AZN,N/A,https://tap.az/elanlar/neqliyyat/avtomobiller/44613815
"LADA (VAZ) 2115, 2003 il",3 900AZN,N/A,https://tap.az/elanlar/neqliyyat/avtomobiller/44620443
"LADA (VAZ) 2106, 1980 il",2 500AZN,N/A,https://tap.az/elanlar/neqliyyat/avtomobiller/44320197
"Opel Astra, 2006 il",5 900AZN,N/A,https://tap.az/elanlar/neqliyyat/avtomobiller/44691730
"Mercedes A 160, 2000 il",5 300AZN,N/A,https://tap.az/elanlar/neqliyyat/avtomobiller/44585429
"LADA (VAZ) 2106, 2003 il",6 800AZN,N/A,https://tap.az/elanlar/neqliyyat/avtomobiller/44564188
"Nissan Tiida, 2006 il",9 200AZN,N/A,https://tap.az/elanlar/neqliyyat/avtomobiller/44641851
N/A,N/A,N/A,https://tap.az/elanlar/neqliyyat/avtomobiller
"Hyundai Accent, 2011 il",15 000AZN,N/A,https://tap.az/elanlar/neqliyyat/avtomobiller/44679545
"KIA Sportage, 2017 il",25 300AZN,N/A,https://tap.az/elanlar/neqliyyat/avtomobiller/44692219
"LADA (VAZ) 2106, 1980 il",2 500AZN,N/A,https://tap.az/elanlar/neqliyyat/avtomobiller/44320197
"BYD Leopard 5, 2024 il",52 700AZN,N/A,https://tap.az/elanlar/neqliyyat/avtomobiller/44706335
"KIA Sorento, 2017 il",33 800AZN,N/A,https://tap.az/elanlar/neqliyyat/avtomobiller/44706760
"KIA Rio, 2008 il",11 000AZN,N/A,https://tap.az/elanlar/neqliyyat/avtomobiller/44706715
"LADA (VAZ) 2107, 2009 il",5 700AZN,N/A,https://tap.az/elanlar/neqliyyat/avtomobiller/44654473
"KIA Soul, 2013 il",14 850AZN,N/A,https://tap.az/elanlar/neqliyyat/avtomobiller/44511171
"Honda CR-V, 1998 il",6 700AZN,N/A,https://tap.az/elanlar/neqliyyat/avtomobiller/44640297
"Ford Tourneo Connect, 2009 il",9 999AZN,N/A,https://tap.az/elanlar/neqliyyat/avtomobiller/44523720
"Volkswagen Tiguan, 2012 il",15 500AZN,N/A,https://tap.az/elanlar/neqliyyat/avtomobiller/44657158
"KIA Cee`d, 2008 il",15 000AZN,N/A,https://tap.az/elanlar/neqliyyat/avtomobiller/44445640
"Toyota Prius, 2008 il",12 900AZN,N/A,https://tap.az/elanlar/neqliyyat/avtomobiller/44679390
"Mercedes C 240, 2001 il",10 800AZN,N/A,https://tap.az/elanlar/neqliyyat/avtomobiller/44483891
"BYD F3, 2008 il",3 700AZN,N/A,https://tap.az/elanlar/neqliyyat/avtomobiller/44482123
"LADA (VAZ) Niva, 1988 il",1 500AZN,N/A,https://tap.az/elanlar/neqliyyat/avtomobiller/44681622
"Renault Megane, 2007 il",6 300AZN,N/A,https://tap.az/elanlar/neqliyyat/avtomobiller/44706554
"KIA Rio, 2007 il",10 900AZN,N/A,https://tap.az/elanlar/neqliyyat/avtomobiller/44635279
"Chevrolet Aveo, 2009 il",7 500AZN,N/A,https://tap.az/elanlar/neqliyyat/avtomobiller/44612360
"Chevrolet Cruze, 2011 il",11 400AZN,N/A,https://tap.az/elanlar/neqliyyat/avtomobiller/44577628
"Hyundai Elantra, 2024 il",35 700AZN,N/A,https://tap.az/elanlar/neqliyyat/avtomobiller/44495705
"KIA Sportage, 2015 il",29 000AZN,N/A,https://tap.az/elanlar/neqliyyat/avtomobiller/44160990
"KIA Cerato, 2017 il",22 200AZN,N/A,https://tap.az/elanlar/neqliyyat/avtomobiller/44681088
"Nissan Sunny, 2006 il",10 000AZN,N/A,https://tap.az/elanlar/neqliyyat/avtomobiller/44516579
"Honda e:NP1, 2024 il",30 270AZN,N/A,https://tap.az/elanlar/neqliyyat/avtomobiller/44598715
"Toyota Camry, 2012 il",23 000AZN,N/A,https://tap.az/elanlar/neqliyyat/avtomobiller/44665544
"Ford Transit, 1997 il",7 800AZN,N/A,https://tap.az/elanlar/neqliyyat/avtomobiller/44706432
"Volkswagen Polo, 2006 il",6 500AZN,N/A,https://tap.az/elanlar/neqliyyat/avtomobiller/44391875
"LADA (VAZ) 2106, 2001 il",3 400AZN,N/A,https://tap.az/elanlar/neqliyyat/avtomobiller/44706430
"LADA (VAZ) Granta, 2025 il",25 800AZN,N/A,https://tap.az/elanlar/neqliyyat/avtomobiller/44296077
"Hyundai Elantra, 2022 il",28 500AZN,N/A,https://tap.az/elanlar/neqliyyat/avtomobiller/42930120
"LADA (VAZ) 2107, 2008 il",5 700AZN,N/A,https://tap.az/elanlar/neqliyyat/avtomobiller/44706367
"Mercedes ML 320, 2000 il",11 000AZN,N/A,https://tap.az/elanlar/neqliyyat/avtomobiller/44706377
"Land Rover Range Rover, 2007 il",23 300AZN,N/A,https://tap.az/elanlar/neqliyyat/avtomobiller/44680132
"LADA (VAZ) 2108, 1998 il",6 350AZN,N/A,https://tap.az/elanlar/neqliyyat/avtomobiller/44706386
"Gaz 3302-Gazel, 1995 il",5 200AZN,N/A,https://tap.az/elanlar/neqliyyat/avtomobiller/44655745
"Hyundai Avante, 2013 год",16 500AZN,N/A,https://tap.az/elanlar/neqliyyat/avtomobiller/44706352
"BMW 520, 2019 il",56 900AZN,N/A,https://tap.az/elanlar/neqliyyat/avtomobiller/44685984
"Hyundai i30, 2010 il",14 200AZN,N/A,https://tap.az/elanlar/neqliyyat/avtomobiller/44273514
"LADA (VAZ) Priora, 2018 il",12 500AZN,N/A,https://tap.az/elanlar/neqliyyat/avtomobiller/44628168
"Khazar LX, 2019 il",11 000AZN,N/A,https://tap.az/elanlar/neqliyyat/avtomobiller/44706343
"Mercedes E 300, 2019 il",46 750AZN,N/A,https://tap.az/elanlar/neqliyyat/avtomobiller/43992213
"LADA (VAZ) 2107, 1985 il",3 500AZN,N/A,https://tap.az/elanlar/neqliyyat/avtomobiller/44706291
"Honda Civic, 2003 il",5 500AZN,N/A,https://tap.az/elanlar/neqliyyat/avtomobiller/44521457
"Hyundai Sonata, 2003 il",7 000AZN,N/A,https://tap.az/elanlar/neqliyyat/avtomobiller/44662056
"Dodge Intrepid, 2002 il",8 800AZN,N/A,https://tap.az/elanlar/neqliyyat/avtomobiller/44579058
"KIA Rio, 2007 il",9 800AZN,N/A,https://tap.az/elanlar/neqliyyat/avtomobiller/44706224
"Renault Logan, 2013 il",10 000AZN,N/A,https://tap.az/elanlar/neqliyyat/avtomobiller/44706263
